id,first_name,last_name,gender,phone,email,city
1,Desdemona,Branwhite,Genderqueer,7873768128,dbranwhite0@nasa.gov,Abóboda
2,Putnem,Parradye,Male,9993926448,pparradye1@columbia.edu,Tanashichō
3,Benedick,Chance,Bigender,5242835892,bchance2@uiuc.edu,Karangpaningal
4,Giorgio,Juszczyk,Bigender,9201509195,gjuszczyk3@diigo.com,Puente Nacional
5,Lilas,McArthur,Polygender,9924756264,lmcarthur4@bluehost.com,Kogon
6,Valenka,Hurd,Agender,4959242640,vhurd5@eventbrite.com,Hongshan
7,Tomlin,Purple,Non-binary,6724850673,tpurple6@oracle.com,Lewobelek
8,Paul,Pawelczyk,Agender,5821906751,ppawelczyk7@istockphoto.com,Altunemil
9,Kalila,Lude,Female,6823521303,klude8@umich.edu,Fort Worth
10,Myrvyn,Slidders,Female,1882304178,mslidders9@seesaa.net,Bayt ‘Ūr at Taḩtā
11,Reagan,Manketell,Female,4561139076,rmanketella@facebook.com,Hlyboka
12,Karyn,Scroggins,Female,4665112232,kscrogginsb@stumbleupon.com,Salawu
13,Josias,Cordelet,Agender,1011091085,jcordeletc@freewebs.com,Gebre Guracha
14,Jewelle,De Freyne,Genderfluid,5559250579,jdefreyned@tmall.com,Al Ghāriyah
15,Joellen,Nudds,Female,5502689016,jnuddse@cisco.com,Lukou
16,Gerhardt,Keech,Bigender,4755697604,gkeechf@whitehouse.gov,Gaoming
17,Ethe,Weaving,Female,2499359274,eweavingg@nature.com,Kidričevo
18,Vivianne,Olenov,Non-binary,2059566669,volenovh@unesco.org,Lovas
19,Anabel,Loreit,Genderqueer,3727024335,aloreiti@microsoft.com,Ampahana
20,Yancey,Brumpton,Polygender,5598987641,ybrumptonj@google.ca,Pervoural’sk
21,Holt,Norgate,Agender,1605246514,hnorgatek@networksolutions.com,Jatinagara
22,Harlan,Clarabut,Genderfluid,5568075157,hclarabutl@joomla.org,Cimanggu Girang
23,Wynny,Hurll,Male,7607469842,whurllm@house.gov,Binjiang
24,Myriam,Barbour,Non-binary,7882912194,mbarbourn@gov.uk,Fangshan
25,Beverley,Vasiliu,Bigender,6092043292,bvasiliuo@reference.com,Landvetter
26,Babita,Leivesley,Polygender,5713711919,bleivesleyp@nifty.com,Alexandria
27,Richmound,Erangy,Agender,8908548701,rerangyq@nymag.com,Heqiao
28,Vance,Eidler,Male,2006878839,veidlerr@booking.com,Buy
29,Terrie,Tummons,Genderfluid,5649229873,ttummonss@bravesites.com,Göteborg
30,Melesa,Cousins,Male,7334700337,mcousinst@archive.org,Shigongqiao
31,Amye,Sorey,Genderfluid,9672337974,asoreyu@usa.gov,Lampa
32,Hedda,Castelyn,Bigender,3489294236,hcastelynv@yolasite.com,Saldanha
33,Edi,Avon,Non-binary,2491846060,eavonw@businesswire.com,Romans-sur-Isère
34,Murry,Branthwaite,Polygender,5646758429,mbranthwaitex@wikimedia.org,Kawęczyn
35,Pierrette,Weddeburn,Genderfluid,8168056006,pweddeburny@blogspot.com,Conchopata
36,Niki,Heustice,Female,5487928119,nheusticez@moonfruit.com,Guaramirim
37,Marney,Hove,Polygender,3264358942,mhove10@prlog.org,Nueva Esperanza
38,Noak,Geoghegan,Polygender,7576648676,ngeoghegan11@usgs.gov,Virginia Beach
39,Katharine,Bosse,Non-binary,7629138499,kbosse12@wikispaces.com,Pagatin
40,Rona,Shorbrook,Genderfluid,4787508218,rshorbrook13@1und1.de,Xinjia
41,Lyndsie,Bortoluzzi,Polygender,3634151691,lbortoluzzi14@google.co.uk,El Playón
42,Anson,Sheasby,Agender,1751049541,asheasby15@symantec.com,Pigí
43,Carny,Giotto,Bigender,6342285208,cgiotto16@skype.com,Gierałtowice
44,Whitby,Corteney,Agender,7183006705,wcorteney17@desdev.cn,Sedati
45,Penelopa,Christensen,Male,5037806856,pchristensen18@icq.com,Tahara
46,Meryl,Barfitt,Polygender,2363225892,mbarfitt19@histats.com,Buan
47,Lissie,Hebdon,Genderfluid,5251865314,lhebdon1a@meetup.com,Xingcheng
48,Brien,Chessell,Polygender,7279174391,bchessell1b@state.gov,Candelária
49,Benedikt,Shorrock,Polygender,5124746790,bshorrock1c@sitemeter.com,Kertosari
50,Blane,Jerratsch,Genderqueer,4879159942,bjerratsch1d@studiopress.com,Mosteiró
51,Veronica,Streeter,Agender,2052121757,vstreeter1e@google.es,Mili
52,Hermy,Henstone,Bigender,7854873560,hhenstone1f@economist.com,‘Arab ar Rashāydah
53,Lion,Filan,Genderfluid,5249707758,lfilan1g@surveymonkey.com,Uummannaq
54,Red,Norree,Female,3946950903,rnorree1h@ted.com,Povorino
55,Wallie,Bowcher,Female,7374614532,wbowcher1i@skyrock.com,Baki
56,Godfry,Bentson,Polygender,7041091900,gbentson1j@nsw.gov.au,Obudu
57,Wood,Kidde,Genderfluid,1668464948,wkidde1k@house.gov,Boavista
58,Brittne,Spinley,Female,7464400215,bspinley1l@about.com,Zaleszany
59,Emera,Gozney,Female,5071242193,egozney1m@pagesperso-orange.fr,Biskamzha
60,Cristy,Cantua,Male,8253977836,ccantua1n@amazon.co.uk,Runan
61,Ada,Brevitt,Polygender,2783947613,abrevitt1o@ocn.ne.jp,Zhengcun
62,Carmen,Pranger,Polygender,6307861426,cpranger1p@google.com.au,Penco
63,Zarah,Eymer,Genderqueer,2066975216,zeymer1q@cbc.ca,Quzhou
64,Isiahi,Beachamp,Polygender,4409872284,ibeachamp1r@seattletimes.com,Vitrolles
65,Clotilda,Dellenbrook,Non-binary,1205500556,cdellenbrook1s@smh.com.au,Sabana de Parra
66,Morse,Wordington,Non-binary,4508367684,mwordington1t@army.mil,Bakıxanov
67,Kirbie,Archbold,Polygender,7057933577,karchbold1u@com.com,Mancogeh
68,Iseabal,Tottle,Genderqueer,1905504172,itottle1v@guardian.co.uk,Impalutao
69,Elmore,Girvin,Bigender,5355375385,egirvin1w@qq.com,Qijing
70,Farand,Bunner,Non-binary,6674446316,fbunner1x@geocities.jp,Huangyang
71,Emelyne,Feares,Polygender,9959133849,efeares1y@thetimes.co.uk,Vannes
72,Tootsie,O'Kielt,Genderqueer,8411842220,tokielt1z@bandcamp.com,Maanas
73,Trever,Vaneev,Bigender,2108825009,tvaneev20@bandcamp.com,Shuiquan
74,Fiona,Eden,Bigender,1614976137,feden21@pcworld.com,El Cocuy
75,Natasha,Kaming,Bigender,3548912145,nkaming22@blinklist.com,Wawer
76,Dory,Jansson,Female,3586252361,djansson23@howstuffworks.com,Chastyye
77,Merle,Hanney,Female,8565469390,mhanney24@trellian.com,Tejen
78,Catha,Syson,Polygender,4575496480,csyson25@imgur.com,Maharagama
79,Layney,Antoniazzi,Polygender,2018370854,lantoniazzi26@vinaora.com,Wanjia
80,Webster,Renals,Genderfluid,4151832758,wrenals27@virginia.edu,Bhopālwāla
81,Nonnah,Danzig,Polygender,4173705691,ndanzig28@wisc.edu,Kombapari
82,Rosie,Wernham,Polygender,5586797996,rwernham29@topsy.com,Červená Voda
83,Field,Tunney,Non-binary,5787247632,ftunney2a@1688.com,Margita
84,Wood,Gregolotti,Genderqueer,5653376866,wgregolotti2b@hc360.com,Natonin
85,Ryon,Gussin,Genderfluid,5473436824,rgussin2c@yahoo.com,Citampian
86,Debora,McGirl,Agender,8463899196,dmcgirl2d@msn.com,Tegalheras
87,Devora,Kubica,Non-binary,4518864208,dkubica2e@squarespace.com,Rendui
88,Berty,Points,Genderqueer,2348575024,bpoints2f@reverbnation.com,Kuznechnoye
89,Jessie,Best,Genderqueer,1866375847,jbest2g@wiley.com,Jistebník
90,Mollee,Gimblet,Agender,2829780392,mgimblet2h@edublogs.org,Obiaruku Quarters
91,Elliott,Badland,Female,7688930392,ebadland2i@wikia.com,Tshela
92,Allissa,Thurlbourne,Female,9322187713,athurlbourne2j@fema.gov,Matlang
93,Yolande,Jack,Polygender,6109044176,yjack2k@narod.ru,Mambago
94,Clyde,Aynsley,Agender,5112673436,caynsley2l@biglobe.ne.jp,Qili
95,Antonius,Sleicht,Non-binary,2394786627,asleicht2m@archive.org,Belford Roxo
96,Grantham,Fairholm,Genderfluid,6105470311,gfairholm2n@webeden.co.uk,Yoshida-kasugachō
97,Burt,Cready,Genderqueer,3856103483,bcready2o@usa.gov,Dongxin
98,Bathsheba,Wyleman,Bigender,5444143043,bwyleman2p@vinaora.com,Muleng
99,Filbert,Kovalski,Agender,9554116547,fkovalski2q@economist.com,Lichinga
100,Felecia,Willcock,Agender,8842442810,fwillcock2r@bloomberg.com,Loei
101,Vinod,Kumar,Male,9731424784,vinod@vinod.co,Bangalore
